{
  "1": {
    "temp": {
      "1": 37.114251841856536,
      "2": 37.17731151101918,
      "3": 37.11054532299681,
      "4": 37.156650967866746,
      "5": 37.146123289082645
    },
    "spo2": {
      "1": 96.95053852450995,
      "2": 97.94000147813631,
      "3": 98.59791894865018,
      "4": 97.70630581700095,
      "5": 98.39992099677866
    },
    "heartRate": {
      "1": 60,
      "2": 63.919279325139655,
      "3": 62.627443571503385,
      "4": 63.233291674187484,
      "5": 63.15448222525468
    }
  },
  "2": {
    "temp": {
      "1": 36.9,
      "2": 37.1
    },
    "spo2": {
      "1": 99,
      "2": 98
    },
    "heartRate": {
      "1": 78,
      "2": 80
    }
  }
}