{
  "1": {
    "temp": {
      "1": 36.714484395559545,
      "2": 36.62271613169378,
      "3": 36.654893248897125,
      "4": 36.63688219841665,
      "5": 36.682126857439044
    },
    "spo2": {
      "1": 99,
      "2": 99,
      "3": 99,
      "4": 99,
      "5": 99
    },
    "heartRate": {
      "1": 23,
      "2": 23,
      "3": 23,
      "4": 23,
      "5": 23
    }
  },
  "2": {
    "temp": {
      "1": 36.80651260181951,
      "2": 36.778254994123984,
      "3": 36.74021327974147,
      "4": 36.74099523591174,
      "5": 36.76492062326149
    },
    "spo2": {
      "1": 100,
      "2": 99.56193273386434,
      "3": 99.98588989963892,
      "4": 100,
      "5": 100
    },
    "heartRate": {
      "1": 92.05353197243629,
      "2": 88.78960092285692,
      "3": 91.34851680118564,
      "4": 91.1838673392725,
      "5": 92.5399501121445
    }
  },
  "5": {
    "temp": {
      "1": 36.8792287131646,
      "2": 36.95709972234302,
      "3": 37.018764382532424,
      "4": 36.94651875536418,
      "5": 36.91158467986076
    },
    "spo2": {
      "1": 98.07994092166172,
      "2": 97.2482933785766,
      "3": 96.75198214492471,
      "4": 96.98133209299723,
      "5": 96.71187698948263
    },
    "heartRate": {
      "1": 86.91822002947764,
      "2": 89.88739706945216,
      "3": 93.66638212912615,
      "4": 91.29789738200267,
      "5": 95.24048584795611
    }
  },
  "6": {
    "temp": {
      "1": 38,
      "2": 38,
      "3": 38,
      "4": 38,
      "5": 38
    },
    "spo2": {
      "1": 5,
      "2": 5,
      "3": 5,
      "4": 5,
      "5": 5
    },
    "heartRate": {
      "1": 48,
      "2": 48,
      "3": 48,
      "4": 48,
      "5": 48
    }
  },
  "7": {
    "temp": {
      "1": 12,
      "2": 12,
      "3": 12,
      "4": 12,
      "5": 12
    },
    "spo2": {
      "1": 30,
      "2": 30,
      "3": 30,
      "4": 30,
      "5": 30
    },
    "heartRate": {
      "1": 61,
      "2": 61,
      "3": 61,
      "4": 61,
      "5": 61
    }
  },
  "8": {
    "temp": {
      "1": 71,
      "2": 71,
      "3": 71,
      "4": 71,
      "5": 71
    },
    "spo2": {
      "1": 8,
      "2": 8,
      "3": 8,
      "4": 8,
      "5": 8
    },
    "heartRate": {
      "1": 40,
      "2": 40,
      "3": 40,
      "4": 40,
      "5": 40
    }
  },
  "9": {
    "temp": {
      "1": 97,
      "2": 97,
      "3": 97,
      "4": 97,
      "5": 97
    },
    "spo2": {
      "1": 82,
      "2": 82,
      "3": 82,
      "4": 82,
      "5": 82
    },
    "heartRate": {
      "1": 89,
      "2": 89,
      "3": 89,
      "4": 89,
      "5": 89
    }
  },
  "10": {
    "temp": {
      "1": 64,
      "2": 64,
      "3": 64,
      "4": 64,
      "5": 64
    },
    "spo2": {
      "1": 99,
      "2": 99,
      "3": 99,
      "4": 99,
      "5": 99
    },
    "heartRate": {
      "1": 85,
      "2": 85,
      "3": 85,
      "4": 85,
      "5": 85
    }
  }
}