{
  "1": {
    "temp": {
      "1": 36.714484395559545,
      "2": 36.62271613169378,
      "3": 36.654893248897125,
      "4": 36.63688219841665,
      "5": 46.682126857439044
    },
    "spo2": {
      "1": 98.47600506884568,
      "2": 97.81885730548485,
      "3": 97.95146179890689,
      "4": 97.73749809314894,
      "5": 98.3533122769325
    },
    "heartRate": {
      "1": 76.35576568048558,
      "2": 79.40527274467112,
      "3": 75.77516165186945,
      "4": 79.56226783716727,
      "5": 79.17920071097306
    }
  },
  "6": {
    "temp": {
      "1": 37.55531166944639,
      "2": 37.501136327095956,
      "3": 37.512616140746616,
      "4": 37.5798696792167,
      "5": 37.663212010099365
    },
    "spo2": {
      "1": 92.63028194374948,
      "2": 92.6636802552491,
      "3": 92,
      "4": 92,
      "5": 92.44955564865712
    },
    "heartRate": {
      "1": 89.61669965904316,
      "2": 86.06167193810602,
      "3": 88.81100106659329,
      "4": 93.66322970519289,
      "5": 89.28790469623124
    }
  }
}