{
  "1": {
    "temp": {
      "1": 36.714484395559545,
      "2": 36.62271613169378,
      "3": 36.654893248897125,
      "4": 36.63688219841665,
      "5": 36.682126857439044
    },
    "spo2": {
      "1": 98.47600506884568,
      "2": 97.81885730548485,
      "3": 97.95146179890689,
      "4": 97.73749809314894,
      "5": 98.3533122769325
    },
    "heartRate": {
      "1": 76.35576568048558,
      "2": 79.40527274467112,
      "3": 75.77516165186945,
      "4": 79.56226783716727,
      "5": 79.17920071097306
    }
  },
  "2": {
    "temp": {
      "1": 36.80651260181951,
      "2": 36.778254994123984,
      "3": 36.74021327974147,
      "4": 36.74099523591174,
      "5": 36.76492062326149
    },
    "spo2": {
      "1": 100,
      "2": 99.56193273386434,
      "3": 99.98588989963892,
      "4": 100,
      "5": 100
    },
    "heartRate": {
      "1": 92.05353197243629,
      "2": 88.78960092285692,
      "3": 91.34851680118564,
      "4": 91.1838673392725,
      "5": 92.5399501121445
    }
  },
  "5": {
    "temp": {
      "1": 36.8792287131646,
      "2": 36.95709972234302,
      "3": 37.018764382532424,
      "4": 36.94651875536418,
      "5": 36.91158467986076
    },
    "spo2": {
      "1": 98.07994092166172,
      "2": 97.2482933785766,
      "3": 96.75198214492471,
      "4": 96.98133209299723,
      "5": 96.71187698948263
    },
    "heartRate": {
      "1": 86.91822002947764,
      "2": 89.88739706945216,
      "3": 93.66638212912615,
      "4": 91.29789738200267,
      "5": 95.24048584795611
    }
  },
  "6": {
    "temp": {
      "1": 37.55531166944639,
      "2": 37.501136327095956,
      "3": 37.512616140746616,
      "4": 37.5798696792167,
      "5": 37.663212010099365
    },
    "spo2": {
      "1": 92.63028194374948,
      "2": 92.6636802552491,
      "3": 92,
      "4": 92,
      "5": 92.44955564865712
    },
    "heartRate": {
      "1": 89.61669965904316,
      "2": 86.06167193810602,
      "3": 88.81100106659329,
      "4": 93.66322970519289,
      "5": 89.28790469623124
    }
  }
}